model,runtime,completedConversations,plannedConversations,nominalSamples,plannedSamples,firstTextSeconds,streamingTokensPerSecond,peakProcessMiB,factualProbesCorrect,factualProbesScorable,factualProbesUnscorable,strictProbesCorrect,observedProbes,plannedProbes
gemma-3-1b-it,llama.cpp CPU,3,3,18,18,0.7594403960108758,38.62699835197415,793.0014266967773,9,9,0,3,9,9
gemma-3-1b-it,llama.cpp Metal,3,3,18,18,0.29503733348846434,45.271303528204456,792.8608016967773,9,9,0,3,9,9
lfm2.5-1.2b-instruct,llama.cpp CPU,3,3,18,18,1.0697533335089684,43.43724647167414,720.8294830322266,9,9,0,9,9,9
lfm2.5-1.2b-instruct,llama.cpp Metal,3,3,18,18,0.37014022952318193,65.30896592080161,720.9076309204102,9,9,0,9,9,9
qwen3-1.7b,llama.cpp CPU,3,3,18,18,1.343936313033104,18.9913853302367,1778.0021133422852,9,9,0,9,9,9
qwen3-1.7b,llama.cpp Metal,3,3,17,18,0.4380879579782486,25.51033189608085,385.79937744140625,8,8,0,8,8,9
llama-3.2-3b-instruct,llama.cpp CPU,3,3,17,18,3.031042417049408,14.605704259741675,1234.6509170532227,8,8,0,8,8,9
llama-3.2-3b-instruct,llama.cpp Metal,3,3,17,18,0.7449420830011367,22.007575180054545,401.5182418823242,8,8,0,8,8,9
smollm3-3b,llama.cpp CPU,3,3,16,18,2.7982702289819716,14.003291940662791,436.5338439941406,7,7,0,7,7,9
smollm3-3b,llama.cpp Metal,3,3,12,18,0.9970689579844475,23.373224878028104,321.33842849731445,6,6,0,6,6,9
