model,runtime,turn,nominalSamples,firstTextSeconds,streamingTokensPerSecond
gguf,llama.cpp CPU,1,3,0.3126749579906464,73.86078278948176
gguf,llama.cpp CPU,2,3,0.5873239170312882,60.33718233005853
gguf,llama.cpp CPU,3,3,0.32540004098415376,58.689844659716734
gguf,llama.cpp CPU,4,3,0.7176352919340133,49.652003991658525
gguf,llama.cpp CPU,5,3,0.9597604160308838,
gguf,llama.cpp CPU,6,3,3.3733367500305174,30.53806803689643
gguf,llama.cpp Metal,1,3,0.09197370803356171,101.62160147730361
gguf,llama.cpp Metal,2,3,0.16359333395957948,98.70065520125921
gguf,llama.cpp Metal,3,3,0.07251687502861023,97.1184353500746
gguf,llama.cpp Metal,4,3,0.23641974997520446,87.62293785313935
gguf,llama.cpp Metal,5,3,0.29449904191493986,
gguf,llama.cpp Metal,6,3,0.7574077090024948,77.05727546445458
